country,year,physicians_per_1000,nurses_midwives_per_1000,life_expectancy,gdp_per_capita_current_usd,health_expenditure_per_capita_current_usd,gni_ppp_current_international
Afghanistan,2000,,,55.005,174.930991430166,,790.0
Afghanistan,2001,,,55.511,138.706821676113,,750.0
Afghanistan,2002,,,56.225,178.954088379235,16.70697403,940.0
Afghanistan,2003,,,57.171,198.871115728727,17.74602509,980.0
Afghanistan,2004,,,57.81,221.763653873013,21.42300415,980.0
Afghanistan,2005,,0.612,58.247,254.184249149336,25.11388779,1090.0
Afghanistan,2006,,0.458,58.553,274.218553561575,28.9412632,1140.0
Afghanistan,2007,,0.518,58.956,376.223152003876,32.70893097,1300.0
Afghanistan,2008,,0.52,59.708,381.73323802844,39.88624954,1330.0
Afghanistan,2009,,0.628,60.248,452.053705477043,43.13351822,1570.0
Afghanistan,2010,,,60.702,560.621505463146,46.42438889,1770.0
Afghanistan,2011,,,61.25,606.694676337726,52.18721771,1740.0
Afghanistan,2012,,,61.735,651.417134470046,52.45247269,1990.0
Afghanistan,2013,,0.255,62.188,637.087099117099,56.16043472,2140.0
Afghanistan,2014,,0.15,62.26,625.054941813938,60.04951096,2230.0
Afghanistan,2015,,0.132,62.27,565.569730408751,59.91960526,2300.0
Afghanistan,2016,,0.151,62.646,522.082215583898,61.37234497,2240.0
Afghanistan,2017,,0.179,62.406,525.469770891619,66.82388306,2360.0
Afghanistan,2018,,0.45099999999999996,62.443,491.337221382603,71.22509003,2460.0
Afghanistan,2019,,,62.941,496.6025042585,74.0642395,2620.0
Afghanistan,2020,,,61.454,510.787063366811,80.0892334,2580.0
Afghanistan,2021,,,,356.496214115892,81.52112579,2160.0
Afghanistan,2022,,,,357.261152798144,80.6516037,2130.0
Afghanistan,2023,0.317,0.549,,413.757894705303,59.06770706,2210.0
Afghanistan,2024,,,,,,
Burkina Faso,2000,,,50.808,248.908526921752,10.00902748,900.0
Burkina Faso,2001,,,51.188,259.485223380436,10.27519512,940.0
Burkina Faso,2002,,,51.447,285.654087637533,11.93992615,960.0
Burkina Faso,2003,,,51.959,362.373899996953,16.02656555,1030.0
Burkina Faso,2004,,0.48600000000000004,52.6,403.81283743461,21.12279129,1070.0
Burkina Faso,2005,,,53.271,441.164148016012,21.34285545,1160.0
Burkina Faso,2006,,,53.784,455.513655620024,23.55202866,1240.0
Burkina Faso,2007,,,54.377,514.684451177238,29.72483063,1290.0
Burkina Faso,2008,,0.357,55.199,619.437533256264,30.76880074,1350.0
Burkina Faso,2009,,0.39,55.791,601.569520671859,31.26260567,1340.0
Burkina Faso,2010,,0.534,56.343,624.957252224766,33.05819321,1410.0
Burkina Faso,2011,,0.441,57.001,725.024767725475,33.70409393,1470.0
Burkina Faso,2012,,0.609,57.457,731.470138867833,33.66717529,1530.0
Burkina Faso,2013,,0.44000000000000006,57.903,759.762065168498,42.26796341,1600.0
Burkina Faso,2014,,0.44400000000000006,58.331,764.861675106225,38.24516678,1590.0
Burkina Faso,2015,,0.646,58.778,630.124750752312,32.3375206,1610.0
Burkina Faso,2016,,0.635,59.173,663.742364842886,39.50990677,1800.0
Burkina Faso,2017,,0.852,59.578,709.091535894695,43.37775803,1970.0
Burkina Faso,2018,,,59.972,777.465618514048,38.48573303,2010.0
Burkina Faso,2019,,0.899,60.184,764.853077774946,41.06895828,2140.0
Burkina Faso,2020,,0.916,60.454,825.237038782475,57.17589188,2280.0
Burkina Faso,2021,,0.9199999999999999,,895.535288442991,63.59171295,2340.0
Burkina Faso,2022,,1.097,,827.330843486661,64.38339996,2470.0
Burkina Faso,2023,,0.9490000000000001,,873.482589651003,71.73455048,2610.0
Burkina Faso,2024,0.10700000000000001,0.8240000000000001,,981.992649769081,,2720.0
Burundi,2000,,,47.617,134.537861752389,5.67927122,530.0
Burundi,2001,,,48.509,132.159554541932,7.50815582,520.0
Burundi,2002,,,49.924,120.952308575468,6.46998882,540.0
Burundi,2003,,,50.997,111.406682804391,5.87316799,520.0
Burundi,2004,,,52.217,125.194965184533,8.88248062,540.0
Burundi,2005,,,53.053,147.234619294225,11.13118172,540.0
Burundi,2006,,,53.962,161.892755640319,14.10514736,580.0
Burundi,2007,,,54.832,166.162744906755,15.26294613,590.0
Burundi,2008,,,55.581,189.502074570768,14.67025566,610.0
Burundi,2009,,,56.422,198.431524048225,18.31996346,600.0
Burundi,2010,,0.637,57.088,216.727705301976,24.45114708,610.0
Burundi,2011,,0.615,57.804,230.069761381132,23.16802216,620.0
Burundi,2012,,0.646,58.501,231.098787811507,20.01195908,640.0
Burundi,2013,,0.633,59.179,234.844770150871,20.26322556,690.0
Burundi,2014,,0.634,59.764,250.544492155185,18.06601143,720.0
Burundi,2015,,0.613,60.107,254.402585226788,17.67629051,720.0
Burundi,2016,,,60.789,232.937812100153,18.59472847,760.0
Burundi,2017,,0.8019999999999999,61.345,246.060725714184,19.16676521,790.0
Burundi,2018,,0.772,61.806,245.661678332009,18.67819214,820.0
Burundi,2019,,,62.18,234.31061590725,22.2435379,870.0
Burundi,2020,,0.9460000000000001,62.569,255.8324539389,26.21934319,960.0
Burundi,2021,,0.9630000000000001,,264.980379269655,23.11420059,1040.0
Burundi,2022,,0.74,,302.992505263552,25.52155113,1110.0
Burundi,2023,,0.794,,250.627253097255,28.14028931,1150.0
Burundi,2024,0.08299999999999999,,,219.424830882698,,1200.0
Cameroon,2000,,,53.338,708.565731625965,30.438097,1990.0
Cameroon,2001,,,53.598,715.470296470585,29.82297325,2050.0
Cameroon,2002,,,53.922,789.623811072554,31.79577446,2140.0
Cameroon,2003,,,54.253,988.241276791846,38.56394196,2290.0
Cameroon,2004,,1.568,54.578,1133.39326749673,42.25278473,2480.0
Cameroon,2005,,0.393,54.904,1142.62466252106,43.10830688,2530.0
Cameroon,2006,,,55.301,1191.45458990968,44.52022934,2670.0
Cameroon,2007,,0.45599999999999996,55.71,1325.67248215933,50.30911255,2760.0
Cameroon,2008,,,56.116,1492.14269801453,54.58909225,2830.0
Cameroon,2009,,0.399,56.486,1461.38999232337,51.14823914,2870.0
Cameroon,2010,,0.545,56.965,1398.58702025047,50.03335571,2890.0
Cameroon,2011,,0.9470000000000001,57.482,1513.96056994878,58.33031845,2960.0
Cameroon,2012,,,58.17,1449.09874362279,56.96441269,3010.0
Cameroon,2013,,,58.73,1575.92882118897,57.22771454,3180.0
Cameroon,2014,,,59.13,1649.4433905949,71.61038208,3360.0
Cameroon,2015,,,59.687,1415.00009710569,58.38298035,3450.0
Cameroon,2016,,,60.293,1441.7201725688,57.99372482,3570.0
Cameroon,2017,,,60.817,1496.08951771242,56.7457695,3700.0
Cameroon,2018,,0.369,61.189,1610.69641591017,58.32909393,3940.0
Cameroon,2019,,,61.695,1555.22660476477,56.79493713,4150.0
Cameroon,2020,,0.48600000000000004,61.674,1555.60370660749,66.17185211,4280.0
Cameroon,2021,,0.195,,1672.32657340872,72.59731293,4720.0
Cameroon,2022,,0.659,,1604.87726954895,72.12950897,5060.0
Cameroon,2023,,,,1720.47510154506,79.09996796,5300.0
Cameroon,2024,0.088,,,1830.00833684727,,5490.0
Central African Republic,2000,,,46.609,239.154133726071,9.9123354,630.0
Central African Republic,2001,,,46.734,237.951702544735,9.20995235,660.0
Central African Republic,2002,,,46.84,248.639290978403,10.44132614,680.0
Central African Republic,2003,,,47.306,278.403992150941,12.15000153,650.0
Central African Republic,2004,,0.385,47.696,303.461321152782,12.96809387,680.0
Central African Republic,2005,,,48.207,311.950023138687,13.93517494,700.0
Central African Republic,2006,,,48.687,333.942519903031,15.15495491,740.0
Central African Republic,2007,,,49.327,380.887048839475,18.24629021,780.0
Central African Republic,2008,,0.183,49.873,437.24827472489,18.02888489,790.0
Central African Republic,2009,,0.242,14.665,456.471673898404,21.37773895,870.0
Central African Republic,2010,,,46.871,476.873786950728,17.01008034,940.0
Central African Republic,2011,,,50.107,534.057281471636,19.62990761,980.0
Central African Republic,2012,,,51.336,544.395849142785,21.33021736,1070.0
Central African Republic,2013,,,49.487,364.36696260838,17.36794472,720.0
Central African Republic,2014,,,40.265,409.8504859647,18.7120266,710.0
Central African Republic,2015,,,51.934,366.322853938121,18.44194221,780.0
Central African Republic,2016,,,50.999,387.176203444318,21.07796097,840.0
Central African Republic,2017,,,45.231,432.324025684263,28.81619644,930.0
Central African Republic,2018,,0.24500000000000002,52.297,455.243962859534,51.3541069,970.0
Central African Republic,2019,,,31.53,449.228467602439,35.76099014,1060.0
Central African Republic,2020,,,50.596,462.879071294011,42.63476563,1130.0
Central African Republic,2021,,0.20400000000000001,,492.263142830507,46.25038147,1210.0
Central African Republic,2022,,0.499,,467.359825026238,47.91523361,1280.0
Central African Republic,2023,,1.097,,495.978897288721,53.81136703,1330.0
Central African Republic,2024,0.1,0.437,,516.160999996036,,1340.0
Chad,2000,0.028000000000000004,0.122,47.937,163.121663683369,10.07452297,1030.0
Chad,2001,,,48.306,194.32295331156,11.64042854,1140.0
Chad,2002,,,48.36,219.061391951349,18.01737785,1200.0
Chad,2003,,,48.609,289.087621122168,18.0202446,1210.0
Chad,2004,,0.252,48.687,445.850767157087,27.74994278,1600.0
Chad,2005,,,48.86,838.092107712557,31.27608871,1850.0
Chad,2006,,0.177,48.747,906.897260572747,33.8651123,1820.0
Chad,2007,,,49.21,980.483531485103,34.0423584,1910.0
Chad,2008,,,49.503,1166.36883453841,36.89921951,1910.0
Chad,2009,,,49.828,1035.63719694254,34.82435226,2020.0
Chad,2010,,,50.107,1141.80069268412,35.26005936,2260.0
Chad,2011,,,50.426,1308.1421872538,37.35868073,2340.0
Chad,2012,,0.269,50.765,1354.34344701937,36.20247269,2390.0
Chad,2013,,0.296,51.051,1304.88742971475,38.59413528,2040.0
Chad,2014,,0.254,51.141,1278.78981422494,42.16276169,2060.0
Chad,2015,,0.24300000000000002,51.32,993.990730610869,33.82092285,2320.0
Chad,2016,,0.20600000000000002,51.603,861.831767630746,31.96038055,2090.0
Chad,2017,,0.223,51.875,854.46120040098,29.9935894,2080.0
Chad,2018,,0.29700000000000004,52.447,948.656629871231,31.2043705,2200.0
Chad,2019,,,52.993,893.336441643325,30.23690224,2320.0
Chad,2020,,0.194,53.082,866.947814890409,37.73088074,2160.0
Chad,2021,,0.191,,946.358500208374,37.59156799,2410.0
Chad,2022,,0.20800000000000002,,966.036468278568,40.17007446,2600.0
Chad,2023,,0.16599999999999998,,949.333453674592,47.43893051,2670.0
Chad,2024,0.08,0.362,,961.55975562506,,2710.0
Comoros,2000,,,58.941,633.309032776244,47.59479904,1740.0
Comoros,2001,,,59.587,681.163857619963,45.34629059,1840.0
Comoros,2002,,,59.723,764.61349832543,51.12159729,1910.0
Comoros,2003,,,60.24,959.691049354812,63.91786194,1940.0
Comoros,2004,,1.0130000000000001,60.557,1072.28409029621,70.61806488,2020.0
Comoros,2005,,0.58,60.883,1105.78796866788,67.80059814,2160.0
Comoros,2006,,,61.229,1138.47908404345,65.72916412,2140.0
Comoros,2007,,,61.475,1289.73631056361,69.87202454,2180.0
Comoros,2008,,,61.955,1455.02768595586,73.75498962,2260.0
Comoros,2009,,0.737,62.302,1410.30516959473,69.4848938,2300.0
Comoros,2010,,,62.747,1386.5742428453,69.21523285,2370.0
Comoros,2011,,,63.105,1531.43789372951,81.19863892,2470.0
Comoros,2012,,,63.463,1490.31511351281,77.10220337,2670.0
Comoros,2013,,,63.839,1603.32797107303,81.81765747,2830.0
Comoros,2014,,,64.143,1615.71723662012,84.63935852,2950.0
Comoros,2015,,,64.473,1329.37048235986,61.16300201,2960.0
Comoros,2016,,,64.792,1365.48403444497,63.53099442,3160.0
Comoros,2017,,,65.127,1423.9248027797,75.01337433,3360.0
Comoros,2018,,1.5070000000000001,65.401,1527.40527125285,74.89152527,3290.0
Comoros,2019,,,65.662,1510.23218151592,78.23674774,3310.0
Comoros,2020,,1.582,65.756,1519.34665556206,89.67817688,3260.0
Comoros,2021,,,,1554.97289190153,100.50016785,3390.0
Comoros,2022,0.42400000000000004,1.6440000000000001,,1465.479642862,124.14363861,3660.0
Comoros,2023,,,,1560.27378476855,102.23101807,3830.0
Comoros,2024,,,,1662.75663312504,,3980.0
"Congo, Democratic Republic of",2000,,,51.887,377.925421481395,17.52071953,410.0
"Congo, Democratic Republic of",2001,,,52.205,142.678142604412,5.4341011,380.0
"Congo, Democratic Republic of",2002,,,52.371,162.38052907429,4.17578602,400.0
"Congo, Democratic Republic of",2003,,,52.952,161.491553524396,6.03257608,420.0
"Congo, Democratic Republic of",2004,,,53.534,180.664764963633,7.83304834,440.0
"Congo, Democratic Republic of",2005,,,54.001,214.539740473519,8.55065727,460.0
"Congo, Democratic Republic of",2006,,,54.498,255.445229568751,10.37645721,490.0
"Congo, Democratic Republic of",2007,,,54.954,294.101615124419,11.5629034,530.0
"Congo, Democratic Republic of",2008,,,55.388,352.900363371995,15.36659527,550.0
"Congo, Democratic Republic of",2009,,0.385,55.798,280.178991035792,12.75762081,550.0
"Congo, Democratic Republic of",2010,,,56.411,352.400398754692,12.1423111,580.0
"Congo, Democratic Republic of",2011,,,56.911,372.514273875789,11.89942932,610.0
"Congo, Democratic Republic of",2012,,,57.35,409.931424783784,13.20595551,610.0
"Congo, Democratic Republic of",2013,,0.8099999999999999,57.795,460.370334930107,15.37901688,700.0
"Congo, Democratic Republic of",2014,,,58.236,489.175952097319,18.22281265,790.0
"Congo, Democratic Republic of",2015,,0.892,58.658,495.826633014883,18.57252884,850.0
"Congo, Democratic Republic of",2016,,0.5559999999999999,59.081,459.765036590388,19.3114109,930.0
"Congo, Democratic Republic of",2017,,0.8390000000000001,59.495,431.052559128788,18.14648819,960.0
"Congo, Democratic Republic of",2018,,1.036,59.926,518.169626875371,17.29077148,1010.0
"Congo, Democratic Republic of",2019,,1.045,60.242,504.00419142286,19.20812035,990.0
"Congo, Democratic Republic of",2020,,,60.428,486.425572682256,20.5593071,1060.0
"Congo, Democratic Republic of",2021,,1.0470000000000002,,595.743074403567,21.58848572,1360.0
"Congo, Democratic Republic of",2022,0.20800000000000002,1.168,,687.738587554685,24.3800106,1510.0
"Congo, Democratic Republic of",2023,,,,660.21205238997,23.43148804,1680.0
"Congo, Democratic Republic of",2024,,,,649.383338556725,,1760.0
"Congo, Republic of",2000,,,55.371,1024.30159109181,17.35089302,2680.0
"Congo, Republic of",2001,,,55.885,854.598314408095,20.30390549,2730.0
"Congo, Republic of",2002,,,56.414,905.538135544704,16.99031258,2890.0
"Congo, Republic of",2003,,,57.131,1016.82363412143,21.51475716,2950.0
"Congo, Republic of",2004,,1.03,57.957,1306.10136324599,27.50056839,2820.0
"Congo, Republic of",2005,,,58.73,1799.05158366154,30.90304375,3250.0
"Congo, Republic of",2006,,1.3679999999999999,59.474,2103.5821381211,35.94208145,3890.0
"Congo, Republic of",2007,,0.877,60.05,2206.47101863414,41.96711731,3560.0
"Congo, Republic of",2008,,,60.79,2832.09177777643,63.41820908,3900.0
"Congo, Republic of",2009,,,61.215,2271.15219175966,48.65313721,4420.0
"Congo, Republic of",2010,,0.418,61.731,2946.55798067708,54.56225586,4760.0
"Congo, Republic of",2011,,1.706,62.286,3396.16505817952,59.51348114,4660.0
"Congo, Republic of",2012,,,62.662,3732.32737320389,71.2766571,5730.0
"Congo, Republic of",2013,,0.9410000000000001,62.969,3697.41705884249,71.85824585,5700.0
"Congo, Republic of",2014,,0.6950000000000001,63.349,3601.2365808718,71.03118896,5820.0
"Congo, Republic of",2015,,0.756,63.662,2439.35189403696,57.30290604,4690.0
"Congo, Republic of",2016,,0.8880000000000001,63.911,2093.10728558843,54.3000145,3870.0
"Congo, Republic of",2017,,,64.203,2211.63309874797,52.29982376,3860.0
"Congo, Republic of",2018,,0.9269999999999999,64.472,2694.43413191427,47.310215,5280.0
"Congo, Republic of",2019,,,63.152,2488.42466724916,58.42106628,5140.0
"Congo, Republic of",2020,,,64.391,1993.586671931,80.09735107,4740.0
"Congo, Republic of",2021,,,,2516.16255145432,78.60149384,5570.0
"Congo, Republic of",2022,,1.121,,2620.83804267402,53.11892319,5930.0
"Congo, Republic of",2023,,,,2477.97845544866,75.55332184,6150.0
"Congo, Republic of",2024,0.49800000000000005,1.335,,2482.2489948456,,6340.0
Eritrea,2000,0.045,,56.285,314.357396753501,14.03034782,1560.0
Eritrea,2001,,,58.359,325.409161513593,14.90675831,1680.0
Eritrea,2002,,,58.941,304.775756465092,15.77544498,1690.0
Eritrea,2003,,,59.455,348.950327077742,19.81480217,1600.0
Eritrea,2004,,0.9640000000000001,60.063,426.840947887032,23.15624809,1600.0
Eritrea,2005,,,60.628,412.753079199423,21.92651939,1660.0
Eritrea,2006,,,61.457,447.997404727201,23.77408791,1670.0
Eritrea,2007,,,61.998,480.44762365456,19.62666321,1720.0
Eritrea,2008,,,62.422,490.066956003333,21.55065727,1530.0
Eritrea,2009,,,63.203,642.92572288007,24.35102463,1560.0
Eritrea,2010,,,63.665,539.699512069686,26.00652122,1580.0
Eritrea,2011,,,64.231,688.68165957684,35.55129623,1720.0
Eritrea,2012,,,64.697,,27.78689003,
Eritrea,2013,,1.386,65.005,,31.64078712,
Eritrea,2014,,1.335,65.517,,32.93448257,
Eritrea,2015,,1.276,65.909,,29.22208977,
Eritrea,2016,,1.5550000000000002,66.242,,26.00592422,
Eritrea,2017,,1.4369999999999998,66.612,,25.10270691,
Eritrea,2018,,1.557,66.979,,26.68201256,
Eritrea,2019,,,67.306,,28.42930794,
Eritrea,2020,,,66.98,,27.66697884,
Eritrea,2021,,1.417,,,27.58759499,
Eritrea,2022,,1.543,,,27.0898056,
Eritrea,2023,0.089,1.516,,,28.29782677,
Eritrea,2024,,,,,,
Ethiopia,2000,,,50.88,122.269202606069,5.28970861,470.0
Ethiopia,2001,,,51.428,118.457204255261,5.50955105,510.0
Ethiopia,2002,,,52.085,109.593813612988,5.14964151,510.0
Ethiopia,2003,,0.211,52.877,116.800491132777,5.70984173,490.0
Ethiopia,2004,,0.20400000000000001,53.735,133.169812538096,5.7385993,550.0
Ethiopia,2005,,0.24,54.364,158.243458082465,6.4820013,620.0
Ethiopia,2006,,0.221,55.402,189.345737521418,8.42413712,690.0
Ethiopia,2007,,0.21800000000000003,56.566,237.146255996319,11.63210678,770.0
Ethiopia,2008,,0.196,57.733,316.410475118075,13.03863621,850.0
Ethiopia,2009,,0.244,58.715,368.574712267445,15.1445961,900.0
Ethiopia,2010,,,59.709,330.619412798644,16.17102051,990.0
Ethiopia,2011,,,60.595,343.024942351887,14.62286568,1100.0
Ethiopia,2012,,,61.443,452.101031885754,20.00217628,1180.0
Ethiopia,2013,,,62.161,484.039833104062,19.26698494,1250.0
Ethiopia,2014,,,62.927,549.986577082588,21.6064415,1480.0
Ethiopia,2015,,,63.592,597.912113218663,23.21817207,1630.0
Ethiopia,2016,,,64.162,641.651523286233,24.34373283,1850.0
Ethiopia,2017,,0.8039999999999999,64.766,696.348429076216,24.18239403,1990.0
Ethiopia,2018,,0.692,65.257,739.702022272086,23.5205574,2090.0
Ethiopia,2019,,,65.741,793.473247210264,25.93511963,2230.0
Ethiopia,2020,,0.758,65.969,829.790982547947,28.28001595,2390.0
Ethiopia,2021,,0.738,,893.00983544905,26.06931114,2580.0
Ethiopia,2022,,1.222,,982.103161506992,27.06845474,2830.0
Ethiopia,2023,,,,1055.81091592527,34.79846954,3050.0
Ethiopia,2024,0.156,1.085,,1133.88279681719,,3280.0
Guinea-Bissau,2000,,,50.565,316.945495037639,13.2785511,980.0
Guinea-Bissau,2001,,,51.054,327.138431972397,13.50725842,1030.0
Guinea-Bissau,2002,,,51.608,362.034574570354,14.02086544,1070.0
Guinea-Bissau,2003,,,52.186,419.78486611807,14.70093441,1070.0
Guinea-Bissau,2004,,0.794,52.8,431.376557669634,18.42279816,1090.0
Guinea-Bissau,2005,,,52.949,463.073962650452,20.99864388,1170.0
Guinea-Bissau,2006,,,54.089,448.513075469701,22.77665329,1210.0
Guinea-Bissau,2007,,,54.87,519.069789794741,25.56799126,1240.0
Guinea-Bissau,2008,,0.64,55.3,640.210331101753,34.26661301,1290.0
Guinea-Bissau,2009,,0.683,56.297,583.190020139094,26.88874054,1300.0
Guinea-Bissau,2010,,,56.999,600.194298540768,29.23748016,1370.0
Guinea-Bissau,2011,,0.5469999999999999,57.663,719.539573498937,44.72909927,1450.0
Guinea-Bissau,2012,,,58.27,635.461653303881,37.75499725,1360.0
Guinea-Bissau,2013,,0.519,58.879,654.304534409417,46.05934143,1410.0
Guinea-Bissau,2014,,0.508,59.476,652.022501029449,64.99989319,1500.0
Guinea-Bissau,2015,,0.54,60.071,645.066837207039,52.45866776,1770.0
Guinea-Bissau,2016,,0.5690000000000001,60.619,679.665386626818,56.60805511,1850.0
Guinea-Bissau,2017,,,61.148,783.123186602022,54.8225174,2100.0
Guinea-Bissau,2018,,0.387,61.652,808.531613218504,58.87445068,1990.0
Guinea-Bissau,2019,,,62.161,811.216425885129,53.98390961,2280.0
Guinea-Bissau,2020,,0.773,61.343,846.915855715971,67.88795471,2370.0
Guinea-Bissau,2021,,1.0310000000000001,,926.780921081233,70.21189117,2550.0
Guinea-Bissau,2022,,0.99,,883.199131457831,68.01049042,2800.0
Guinea-Bissau,2023,,0.5660000000000001,,988.087886357022,82.13543701,3010.0
Guinea-Bissau,2024,0.24900000000000003,0.9259999999999999,,1007.74151728028,,3140.0
Haiti,2000,,,58.175,820.600046761464,30.35855865,2230.0
Haiti,2001,,,58.591,748.821159844528,27.39323044,2230.0
Haiti,2002,,,59.041,720.969568042522,22.36586189,2240.0
Haiti,2003,,,59.44,578.995291079709,18.60943604,2320.0
Haiti,2004,,,58.517,683.185298155273,24.0406456,2320.0
Haiti,2005,,,60.318,775.845704056916,25.25854683,2420.0
Haiti,2006,,,60.74,828.805700289589,29.11877251,2510.0
Haiti,2007,,,61.09,984.566983448521,37.59618378,2650.0
Haiti,2008,,,61.28,1094.66058421644,40.445961,2730.0
Haiti,2009,,,61.694,1196.8528706018,41.39894867,2860.0
Haiti,2010,,,45.577,1209.72733503094,55.73518753,2700.0
Haiti,2011,,1.209,61.581,1312.03953552013,77.12206268,2870.0
Haiti,2012,,,62.273,1361.39396587374,75.08546448,2840.0
Haiti,2013,,,62.624,1457.83221179626,59.38277435,3050.0
Haiti,2014,,,62.969,1460.18898613914,65.10858917,3090.0
Haiti,2015,,0.28700000000000003,63.224,1411.12684746796,68.50547791,3030.0
Haiti,2016,,,63.325,1318.40268167953,60.06819153,3260.0
Haiti,2017,,,63.832,1395.23945184461,53.80579758,3350.0
Haiti,2018,,0.404,64.077,1496.38048970156,62.30102539,3210.0
Haiti,2019,,,64.328,1352.17204191532,49.32995987,3250.0
Haiti,2020,,,63.773,1290.32538667383,52.2158699,3110.0
Haiti,2021,,,,1841.33189337222,59.89406204,3150.0
Haiti,2022,0.292,0.732,,1760.62635668777,52.28417587,3280.0
Haiti,2023,,,,1705.75808460999,54.4146843,3290.0
Haiti,2024,,,,2142.62330526788,,3190.0
Iraq,2000,,,64.86,1980.18916038782,,10560.0
Iraq,2001,,,65.292,1435.695683789,,10640.0
Iraq,2002,,,65.724,1266.15961275094,,9340.0
Iraq,2003,,,64.834,817.887862499622,26.98275757,5970.0
Iraq,2004,,,64.634,1328.37157628292,51.81518173,9300.0
Iraq,2005,,,64.899,1762.39360423421,53.0551796,9550.0
Iraq,2006,,,64.029,2276.55435744086,56.76464462,10360.0
Iraq,2007,,,64.428,3128.99010329066,100.59433746,10960.0
Iraq,2008,,,66.465,4542.96609046032,139.28845215,11970.0
Iraq,2009,,,67.834,3714.71205987194,140.1234436,12010.0
Iraq,2010,,,68.092,4461.75196161555,144.54083252,12330.0
Iraq,2011,,,68.435,5775.54229080293,161.89790344,12900.0
Iraq,2012,,,68.827,6477.59618450955,174.48312378,14470.0
Iraq,2013,,1.9600000000000002,69.047,6650.35282247395,186.78742981,14600.0
Iraq,2014,,1.811,69.679,6249.39226978969,178.98071289,13090.0
Iraq,2015,,1.582,69.977,4440.14189252367,149.07951355,9250.0
Iraq,2016,,1.6320000000000001,68.683,4334.42096404188,199.88560486,8990.0
Iraq,2017,,1.73,69.788,4759.2846435467,197.23654175,10110.0
Iraq,2018,,1.952,71.116,5646.68932074742,232.86825562,11940.0
Iraq,2019,,2.3129999999999997,71.245,5671.8568632942,241.73873901,12190.0
Iraq,2020,,2.279,69.651,4295.18945121228,248.04725647,10470.0
Iraq,2021,,2.464,,4868.49431080783,251.59538269,12610.0
Iraq,2022,,2.648,,6520.73154560584,283.17074585,14340.0
Iraq,2023,1.064,2.571,,5965.31835077761,333.29360962,14710.0
Iraq,2024,,,,6073.61032342708,,14530.0
Kiribati,2000,,,64.674,845.367240231973,65.61151886,2560.0
Kiribati,2001,,,64.918,718.833787096781,85.88798523,2690.0
Kiribati,2002,,,65.123,810.10870037444,92.96794891,2560.0
Kiribati,2003,,,65.287,1020.50033851394,102.43731689,2300.0
Kiribati,2004,,2.706,65.416,1083.2688987175,132.29045105,2290.0
Kiribati,2005,,,65.517,1161.78341739977,131.88641357,2280.0
Kiribati,2006,,,65.601,1123.19258990684,126.86061859,2410.0
Kiribati,2007,,,65.677,1352.57814048911,148.0586853,2530.0
Kiribati,2008,,3.465,65.746,1410.62246914058,190.33927917,2490.0
Kiribati,2009,,,65.808,1316.62753853678,167.97206116,2340.0
Kiribati,2010,,3.717,65.859,1522.10068744154,133.15927124,2480.0
Kiribati,2011,,3.725,65.896,1771.12926848792,141.5138092,2430.0
Kiribati,2012,,,65.908,1843.55336349889,146.6194458,2790.0
Kiribati,2013,,5.4479999999999995,65.898,1772.08718317132,154.34346008,3260.0
Kiribati,2014,,,65.869,1736.70535682101,155.38656616,3730.0
Kiribati,2015,,,65.831,1639.85274740652,118.3345871,4500.0
Kiribati,2016,,,65.799,1742.66799324117,157.72897339,4130.0
Kiribati,2017,,,65.787,1853.05122713319,179.57881165,4530.0
Kiribati,2018,,3.628,65.807,1912.73809378187,208.73831177,4620.0
Kiribati,2019,,,65.866,1750.9977188915,177.93025208,5250.0
Kiribati,2020,,,65.205,1751.78249168214,239.24353027,4630.0
Kiribati,2021,,,,2222.04819501897,263.09573364,4730.0
Kiribati,2022,,,,2069.7671726925,217.68276978,5520.0
Kiribati,2023,0.46799999999999997,3.902,,2177.70125812262,238.12675476,5910.0
Kiribati,2024,,,,2288.63471423684,,6060.0
Lebanon,2000,,,73.895,3986.83513941026,425.70095825,8090.0
Lebanon,2001,,0.944,74.354,4009.55929751102,416.57485962,8250.0
Lebanon,2002,,,74.836,4290.85283803266,391.74139404,8200.0
Lebanon,2003,,,75.275,4437.71588507526,373.35971069,7440.0
Lebanon,2004,,,75.693,4600.68371412993,368.01425171,9240.0
Lebanon,2005,,1.011,76.074,4602.19804637945,347.40252686,9930.0
Lebanon,2006,,,75.677,4635.2514117486,401.43670654,10380.0
Lebanon,2007,,1.431,76.732,5125.25809960149,438.71112061,11700.0
Lebanon,2008,,,76.956,5912.04532820842,462.17767334,12600.0
Lebanon,2009,,1.6600000000000001,77.262,7090.85493856621,496.88284302,13500.0
Lebanon,2010,,1.7440000000000002,77.529,7625.81051551165,567.25506592,14510.0
Lebanon,2011,,,77.768,7834.96257108993,640.69805908,14880.0
Lebanon,2012,,,77.941,8406.98405608118,588.83917236,16050.0
Lebanon,2013,,1.577,78.037,8162.37929361396,576.87176514,16240.0
Lebanon,2014,,1.6460000000000001,78.148,7577.6413302369,569.97937012,15950.0
Lebanon,2015,,1.556,78.275,7714.1099998804,572.07220459,16870.0
Lebanon,2016,,1.669,78.306,8089.012088155,640.96563721,18640.0
Lebanon,2017,,1.818,78.192,8608.21084982387,671.77996826,20880.0
Lebanon,2018,,1.918,78.263,9174.53666204759,740.38696289,21540.0
Lebanon,2019,,,78.208,8905.88005497437,798.13421631,21190.0
Lebanon,2020,2.68,,76.299,5561.19166950397,303.48632813,15740.0
Lebanon,2021,,,,4045.37391066234,189.8581543,10650.0
Lebanon,2022,,,,3654.35845534878,230.39093018,11710.0
Lebanon,2023,,,,3477.72489842684,260.8119812,12420.0
Lebanon,2024,,,,,,
Libya,2000,,,70.542,7214.10040377084,247.1134491,19120.0
Libya,2001,,,70.653,6312.80030498965,255.77108765,18760.0
Libya,2002,,,70.788,3718.29434696755,181.7310791,20320.0
Libya,2003,,,70.996,4674.09943200321,189.72729492,23130.0
Libya,2004,,4.734,71.21,5773.76333234281,200.83604431,23780.0
Libya,2005,,,71.439,8079.24957329001,209.878479,26620.0
Libya,2006,,,71.632,10048.8480434289,231.11968994,28920.0
Libya,2007,,,71.788,11144.9448413435,269.63085938,31310.0
Libya,2008,,5.371,71.936,13906.1407818125,312.11196899,31060.0
Libya,2009,,6.751,72.071,9551.05403869755,342.20449829,29300.0
Libya,2010,,,72.196,11600.9068649472,380.58596802,30220.0
Libya,2011,,,69.95,7593.8391525702,305.20037842,15720.0
Libya,2012,,,72.188,14975.8902795144,592.46356201,26270.0
Libya,2013,,6.978,72.339,11951.7134126011,594.65338135,21030.0
Libya,2014,,6.723999999999999,71.3,8926.42074591474,462.19216919,17690.0
Libya,2015,,,71.644,7458.48917756374,433.06808472,18360.0
Libya,2016,,,71.799,7525.80299308216,464.47531128,17220.0
Libya,2017,2.0420000000000003,6.377000000000001,72.721,9965.83236729757,466.08538818,18370.0
Libya,2018,,,73.151,11196.5854810844,544.88079834,19120.0
Libya,2019,,,72.941,9963.19489084483,552.73168945,16620.0
Libya,2020,,,72.388,6650.33810585348,472.62240601,11140.0
Libya,2021,,,,4935.82787349801,298.84338379,12450.0
Libya,2022,,,,5986.63694851258,284.0262146,12300.0
Libya,2023,,,,6026.51518708812,470.4034729,14530.0
Libya,2024,,,,6569.16408678648,,15400.0
Mali,2000,,,50.605,304.652870194271,14.00473022,1130.0
Mali,2001,,,51.3,346.224554251022,13.15901566,1250.0
Mali,2002,,,51.995,378.191678628285,15.89499378,1250.0
Mali,2003,,,52.632,441.910358475095,18.76944542,1390.0
Mali,2004,,0.636,53.253,495.006294680645,21.72010231,1850.0
Mali,2005,,,53.792,548.730382842725,23.97353554,1860.0
Mali,2006,,,54.305,586.985415515264,26.93190002,1920.0
Mali,2007,,0.16399999999999998,54.756,670.853394973479,29.63545799,1910.0
Mali,2008,,,55.187,767.19483895009,33.21391678,1970.0
Mali,2009,,0.41900000000000004,55.588,787.482564287398,34.64731598,1940.0
Mali,2010,,0.421,55.993,797.151541135109,31.36436844,2020.0
Mali,2011,,0.346,56.367,938.292902583696,31.67968369,1990.0
Mali,2012,,0.355,56.696,872.506092465564,27.53120613,1940.0
Mali,2013,,,57.052,901.920957644831,30.06661987,2010.0
Mali,2014,,,57.482,947.915033288325,35.7261734,2120.0
Mali,2015,,,57.852,838.11986940103,28.97842216,2290.0
Mali,2016,,0.387,58.286,872.468587171653,27.58086205,2480.0
Mali,2017,,,58.562,924.057531692284,28.49467659,2540.0
Mali,2018,,0.41100000000000003,58.873,996.379292136901,31.16962242,2620.0
Mali,2019,,,59.217,971.949318638092,31.4089489,2720.0
Mali,2020,,,58.858,953.242943290974,28.20211601,2630.0
Mali,2021,,,,1027.27345365357,30.55883217,2700.0
Mali,2022,,0.41600000000000004,,976.914116406452,31.0949192,2910.0
Mali,2023,,0.268,,1043.9533853528,33.9802475,3060.0
Mali,2024,0.317,0.34500000000000003,,1094.61949265799,,3230.0
Marshall Islands,2000,,,63.323,2264.79114897645,306.73342896,3250.0
Marshall Islands,2001,,,63.735,2394.34501105178,269.22146606,3490.0
Marshall Islands,2002,,,63.848,2566.06708799222,309.72741699,3540.0
Marshall Islands,2003,,,63.956,2539.3307383954,338.22610474,3560.0
Marshall Islands,2004,,,64.044,2566.08291015814,363.40332031,3660.0
Marshall Islands,2005,,,64.112,2658.65217893885,490.59927368,3920.0
Marshall Islands,2006,,,64.207,2754.26988767503,613.29852295,3940.0
Marshall Islands,2007,,3.6149999999999998,64.259,2892.28403958874,485.01657104,4220.0
Marshall Islands,2008,,,64.3,2817.60522775322,536.23034668,4030.0
Marshall Islands,2009,,,64.395,2906.63026970914,543.67626953,4110.0
Marshall Islands,2010,,2.442,64.498,3095.45768964722,548.59899902,4260.0
Marshall Islands,2011,,3.757,64.641,3319.39815439151,376.39205933,4280.0
Marshall Islands,2012,,3.6380000000000003,64.776,3514.26515490383,410.4979248,4160.0
Marshall Islands,2013,,,64.954,3677.90690791421,445.42425537,4580.0
Marshall Islands,2014,,,65.11,3735.23977829545,449.90563965,4810.0
Marshall Islands,2015,,,65.292,3764.34426229508,557.35211182,5440.0
Marshall Islands,2016,,,65.477,4229.80988911945,619.35668945,5530.0
Marshall Islands,2017,,,65.673,4592.83457628576,553.06298828,5770.0
Marshall Islands,2018,,4.305,65.87,4858.12079054875,702.8359375,6370.0
Marshall Islands,2019,,,66.047,5292.33985502306,793.66851807,7340.0
Marshall Islands,2020,,,65.387,5661.96787336674,687.02435303,7290.0
Marshall Islands,2021,1.135,4.807,,6315.31279603534,782.16351318,7410.0
Marshall Islands,2022,,,,6455.66062185762,859.050354,8490.0
Marshall Islands,2023,,,,6793.24495895856,894.21533203,9070.0
Marshall Islands,2024,,,,7726.33668877794,,9680.0
"Micronesia, Federated States of",2000,0.571,3.723,64.317,2049.3453246655,161.47862244,2410.0
"Micronesia, Federated States of",2001,,,64.801,2103.74859460914,181.29023743,2490.0
"Micronesia, Federated States of",2002,,,63.907,2113.45987332485,169.95617676,2530.0
"Micronesia, Federated States of",2003,,2.226,64.915,2145.87755337517,208.84524536,2620.0
"Micronesia, Federated States of",2004,,,64.898,2104.42804750084,257.98867798,2650.0
"Micronesia, Federated States of",2005,,2.2350000000000003,64.906,2207.16844533875,397.91644287,2820.0
"Micronesia, Federated States of",2006,,,64.859,2244.97227274486,245.42320251,2920.0
"Micronesia, Federated States of",2007,,,64.844,2293.51341684075,258.64785767,2990.0
"Micronesia, Federated States of",2008,,2.571,64.849,2369.50811741318,289.50195313,2960.0
"Micronesia, Federated States of",2009,,3.472,64.865,2544.11114550961,325.56570435,3130.0
"Micronesia, Federated States of",2010,,,64.892,2702.61165204772,361.96511841,3170.0
"Micronesia, Federated States of",2011,,,64.969,2848.70077003105,378.15283203,3340.0
"Micronesia, Federated States of",2012,,,65.08,2992.28916099077,372.10220337,3390.0
"Micronesia, Federated States of",2013,,,65.179,2893.13437410825,354.82269287,3420.0
"Micronesia, Federated States of",2014,,,65.294,2896.73082002714,345.01589966,3380.0
"Micronesia, Federated States of",2015,,,65.306,2853.07643587028,362.27624512,3920.0
"Micronesia, Federated States of",2016,,,65.576,2979.60119184048,399.77108765,3900.0
"Micronesia, Federated States of",2017,,,65.761,3279.10779039285,409.11758423,3940.0
"Micronesia, Federated States of",2018,,2.093,65.943,3566.58690371125,428.00738525,3620.0
"Micronesia, Federated States of",2019,,2.221,66.196,3572.65918282222,425.28103638,4170.0
"Micronesia, Federated States of",2020,0.974,,65.878,3362.02802120524,403.03540039,4170.0
"Micronesia, Federated States of",2021,,,,3508.22314197664,399.43988037,4410.0
"Micronesia, Federated States of",2022,,,,3710.12451611752,468.53509521,4560.0
"Micronesia, Federated States of",2023,,,,3919.64307910859,507.7762146,4660.0
"Micronesia, Federated States of",2024,,,,4166.00476748564,,4690.0
Mozambique,2000,,0.27999999999999997,49.476,327.12623979157,7.00877714,460.0
Mozambique,2001,,0.27599999999999997,50.259,304.792138621913,8.53719139,510.0
Mozambique,2002,,0.29700000000000004,50.879,313.886661721198,10.00207806,520.0
Mozambique,2003,,0.29700000000000004,51.383,339.488737800648,11.03660774,600.0
Mozambique,2004,,0.32799999999999996,51.855,400.056973161545,14.12452602,660.0
Mozambique,2005,,0.33399999999999996,52.322,436.773856167384,18.40718079,690.0
Mozambique,2006,,0.343,52.748,457.487647833183,18.05057144,750.0
Mozambique,2007,,0.369,53.255,507.874923914304,19.29700851,810.0
Mozambique,2008,,0.396,53.799,592.159111184122,24.48562622,870.0
Mozambique,2009,,0.404,54.4,547.697144193651,27.68954468,930.0
Mozambique,2010,,0.413,55.04,496.185839392659,26.26061249,970.0
Mozambique,2011,,0.40199999999999997,55.733,618.17649286789,30.42516136,1050.0
Mozambique,2012,,0.41500000000000004,56.46,685.685748199513,35.24672699,1070.0
Mozambique,2013,,0.42699999999999994,57.189,686.505672517351,41.5031395,1110.0
Mozambique,2014,,0.426,57.965,697.142680444123,43.50259018,1150.0
Mozambique,2015,,,58.711,610.563774706589,40.35658646,1290.0
Mozambique,2016,,0.489,59.455,441.489734819071,31.85357285,1350.0
Mozambique,2017,,0.489,60.148,470.93856305196,36.75825882,1250.0
Mozambique,2018,,0.488,60.79,517.507260258101,41.29206467,1300.0
Mozambique,2019,,0.48,61.306,519.09255091362,41.01906586,1360.0
Mozambique,2020,,0.492,61.39,462.433876479921,34.92252731,1380.0
Mozambique,2021,,0.5740000000000001,,509.907829475551,44.09894943,1430.0
Mozambique,2022,,0.9339999999999999,,578.251663751351,47.69813538,1460.0
Mozambique,2023,,,,622.000297682823,52.96166611,1530.0
Mozambique,2024,0.091,0.762,,656.776824637306,,1520.0
Myanmar,2000,,,60.357,196.619580625284,4.47214985,950.0
Myanmar,2001,,,60.64,141.525660705722,4.62700701,1070.0
Myanmar,2002,,,60.925,146.598390364449,7.0817728,1200.0
Myanmar,2003,,,61.196,224.292688912409,6.57480383,1380.0
Myanmar,2004,,,61.443,224.508811413327,7.01517916,1600.0
Myanmar,2005,,0.77,61.72,252.685193060728,7.65254498,1860.0
Myanmar,2006,,0.8119999999999999,62.026,303.495087119254,8.47415161,2150.0
Myanmar,2007,,0.834,62.367,419.375780725042,9.91384029,2460.0
Myanmar,2008,,0.8560000000000001,56.364,658.442487229705,14.70817947,2750.0
Myanmar,2009,,0.89,63.095,758.442935789255,18.70313454,3040.0
Myanmar,2010,,0.922,63.479,1010.53417343401,20.23270416,3350.0
Myanmar,2011,,0.951,63.859,1213.62898703376,27.40522575,3580.0
Myanmar,2012,,0.9810000000000001,64.251,1202.6658960055,37.25568008,3690.0
Myanmar,2013,,,64.617,1199.09561597055,37.68575287,4010.0
Myanmar,2014,,,64.994,1293.00042319714,54.28113556,4180.0
Myanmar,2015,,,65.288,1166.73305547935,63.62335968,4300.0
Myanmar,2016,,1.066,65.64,1229.19713491328,59.67910385,4340.0
Myanmar,2017,,,65.909,1272.82241815234,59.51782608,4560.0
Myanmar,2018,,1.027,66.232,1298.21310327675,60.83261871,5430.0
Myanmar,2019,0.757,1.111,66.457,1425.98954241668,53.72147369,5900.0
Myanmar,2020,,,66.612,1490.21683599469,66.02284241,5630.0
Myanmar,2021,,0.196,,1242.7213439951,96.86240387,5100.0
Myanmar,2022,,0.205,,1158.05005055976,57.96875763,5610.0
Myanmar,2023,,,,1233.19666209269,56.18909836,5800.0
Myanmar,2024,,,,1359.05001560107,,5890.0
Niger,2000,,,49.172,194.771959898935,9.04467964,800.0
Niger,2001,,,49.872,205.417936120931,9.68088055,850.0
Niger,2002,,,50.645,225.294391147438,10.84433079,870.0
Niger,2003,,,51.545,265.225363452469,12.55038452,880.0
Niger,2004,,0.21200000000000002,52.402,283.468281798296,14.06374931,880.0
Niger,2005,,,53.32,318.643121918273,18.67140198,940.0
Niger,2006,,,54.223,333.345078419447,19.9213028,990.0
Niger,2007,,,55.063,387.168065883301,20.96952438,1010.0
Niger,2008,,0.13799999999999998,55.852,475.044955398162,24.86141586,1070.0
Niger,2009,,0.20299999999999999,56.487,461.131533961487,24.54927635,1050.0
Niger,2010,,,57.08,474.425692340831,23.47736168,1120.0
Niger,2011,,,57.6,510.75956176268,24.84123039,1130.0
Niger,2012,,,57.987,528.510104469655,22.71487427,1200.0
Niger,2013,,0.223,58.364,552.103334363117,24.61338997,1180.0
Niger,2014,,0.307,58.693,565.30989731175,25.09494019,1210.0
Niger,2015,,0.205,58.85,485.662574175279,25.96905327,1230.0
Niger,2016,,0.271,59.228,502.706475406446,22.68474007,1230.0
Niger,2017,,,59.524,521.804130023434,29.09627533,1250.0
Niger,2018,,0.22599999999999998,59.765,578.568035680892,30.61364555,1330.0
Niger,2019,,,60.031,561.691304349698,31.89424324,1480.0
Niger,2020,,,59.89,579.512495758236,35.75537109,1430.0
Niger,2021,,,,608.722439593808,35.39406204,1610.0
Niger,2022,,0.213,,609.745147574878,26.50681686,1680.0
Niger,2023,0.038,0.421,,638.336080897887,26.01301575,1850.0
Niger,2024,,,,735.270255787226,,2030.0
Nigeria,2000,,,47.143,547.318298903379,17.15887642,
Nigeria,2001,,,47.549,566.428231812933,17.96053314,
Nigeria,2002,,,48.02,712.164852077686,17.53752899,
Nigeria,2003,,1.533,48.618,763.388745367223,37.91439438,
Nigeria,2004,,,49.148,962.48104194733,42.81798172,
Nigeria,2005,,1.472,49.538,1211.37703504386,52.24337006,
Nigeria,2006,,1.4369999999999998,49.876,1599.53891556365,63.63072205,
Nigeria,2007,,1.432,50.381,1815.52697545827,66.90659332,
Nigeria,2008,,1.427,50.748,2154.10543545364,77.45053101,5430.0
Nigeria,2009,,1.025,51.08,1820.48633854782,65.71811676,5720.0
Nigeria,2010,,1.291,51.315,2202.25672957344,73.008255,6060.0
Nigeria,2011,,,51.49,2418.41316975875,80.2377243,6330.0
Nigeria,2012,,,51.688,2633.19734671361,87.89523315,6440.0
Nigeria,2013,,0.9730000000000001,51.827,2872.79083379398,97.29588318,6760.0
Nigeria,2014,,,51.94,3088.72131316169,102.39888763,7220.0
Nigeria,2015,,,51.939,2585.73360671797,92.91207123,7170.0
Nigeria,2016,,1.67,52.189,2070.4127339595,75.52328491,6990.0
Nigeria,2017,,,52.397,1876.34027111773,70.31814575,6930.0
Nigeria,2018,,,52.669,2057.87944554011,63.60244751,7020.0
Nigeria,2019,,1.072,53.009,3189.81286498516,67.6254425,7450.0
Nigeria,2020,,0.394,53.072,2797.18458068686,67.91384888,7360.0
Nigeria,2021,,1.105,,2787.48779224428,81.87322235,7480.0
Nigeria,2022,,1.6469999999999998,,2899.16047470324,89.62958527,8140.0
Nigeria,2023,,,,2138.76383719983,66.82009125,8510.0
Nigeria,2024,0.414,1.152,,1084.16041805436,,8850.0
Papua New Guinea,2000,0.05,0.513,61.609,635.957919047725,18.84121323,2110.0
Papua New Guinea,2001,,,61.647,537.847459634131,18.19814301,2060.0
Papua New Guinea,2002,,,61.643,506.331789534482,20.55322266,2020.0
Papua New Guinea,2003,,,61.741,577.467922387259,21.9858036,1980.0
Papua New Guinea,2004,,,61.795,620.596147680561,25.73586273,2060.0
Papua New Guinea,2005,,,61.868,744.486489977433,27.49723434,2220.0
Papua New Guinea,2006,,,62.018,1238.18282926706,30.03865242,2220.0
Papua New Guinea,2007,,,62.211,1370.753415829,33.18586731,2440.0
Papua New Guinea,2008,,0.396,62.511,1624.79319935188,34.69308472,2450.0
Papua New Guinea,2009,,,62.772,1568.83193368607,36.5436821,2500.0
Papua New Guinea,2010,,0.477,63.056,1866.86889851208,39.3453064,2700.0
Papua New Guinea,2011,,,63.382,2288.37591141234,52.49456787,2640.0
Papua New Guinea,2012,,,63.639,2635.0873631547,70.27664948,2870.0
Papua New Guinea,2013,,,63.927,2560.77458976327,76.75310516,2860.0
Papua New Guinea,2014,,,64.198,2723.17529825196,89.08061218,3440.0
Papua New Guinea,2015,,,64.473,2484.5963398603,45.18995285,3430.0
Papua New Guinea,2016,,,64.7,2316.39479758492,53.98646545,3640.0
Papua New Guinea,2017,,,64.923,2477.76530986323,55.24723816,3740.0
Papua New Guinea,2018,,0.497,65.114,2566.36833735041,59.04003525,3690.0
Papua New Guinea,2019,,0.414,65.331,2575.77274140393,59.89566803,3770.0
Papua New Guinea,2020,,,65.075,2429.61134585269,55.92817688,3780.0
Papua New Guinea,2021,,0.508,,2607.57861874444,61.02529907,3730.0
Papua New Guinea,2022,,,,3102.28968594061,81.11356354,4160.0
Papua New Guinea,2023,,0.8880000000000001,,2966.06830432055,85.15021515,4320.0
Papua New Guinea,2024,0.046,0.8119999999999999,,3006.70564478923,,4580.0
Solomon Islands,2000,,,67.116,953.17190137706,46.02681351,1490.0
Solomon Islands,2001,,,67.237,911.791935385411,60.23266602,1390.0
Solomon Islands,2002,,,67.35,756.890296490792,76.49930573,1320.0
Solomon Islands,2003,,1.351,67.479,895.984242546501,53.52047729,1420.0
Solomon Islands,2004,,,67.628,986.070953503889,64.72148895,1560.0
Solomon Islands,2005,,1.4369999999999998,67.79,1144.49233397681,89.02578735,1700.0
Solomon Islands,2006,,,67.968,1255.62447417684,87.74922943,1750.0
Solomon Islands,2007,,,67.845,1390.14870956707,89.10964203,1780.0
Solomon Islands,2008,,,68.336,1525.84666261203,75.66864014,1850.0
Solomon Islands,2009,,2.085,68.397,1554.70671006386,93.879776,1880.0
Solomon Islands,2010,,,68.669,1685.14535823757,74.17661285,2080.0
Solomon Islands,2011,,1.7489999999999999,68.824,1924.05795643133,95.51364136,2150.0
Solomon Islands,2012,,1.684,68.961,2066.25738638356,100.84831238,2210.0
Solomon Islands,2013,,1.9149999999999998,69.007,2161.38627543917,98.99965668,2400.0
Solomon Islands,2014,,,68.984,2164.95289873002,105.85440826,2350.0
Solomon Islands,2015,,,69.323,2045.47721526649,91.08989716,2310.0
Solomon Islands,2016,,,69.501,2082.62383124213,94.32994843,2350.0
Solomon Islands,2017,,,69.652,2143.57670489272,89.29357147,2400.0
Solomon Islands,2018,,1.9929999999999999,69.806,2278.19908624102,88.03850555,2460.0
Solomon Islands,2019,,,69.981,2223.65890942466,98.67025757,2490.0
Solomon Islands,2020,,,69.258,2063.32780991967,100.99560547,2460.0
Solomon Islands,2021,,,,2043.44413170658,98.80261993,2480.0
Solomon Islands,2022,,,,1877.78104490956,96.74864197,2510.0
Solomon Islands,2023,,2.0010000000000003,,1882.64394148042,111.35532379,2640.0
Solomon Islands,2024,0.28700000000000003,2.13,,1933.55538435227,,2680.0
Somalia,2000,,,,,,
Somalia,2001,,,,,,
Somalia,2002,,,,,,
Somalia,2003,,,,,,
Somalia,2004,,,,,,
Somalia,2005,,,,,,
Somalia,2006,,0.088,,,,
Somalia,2007,,,,,,
Somalia,2008,,,,,,
Somalia,2009,,,,,,
Somalia,2010,,,,,,
Somalia,2011,,,,,,
Somalia,2012,,,,,,
Somalia,2013,,,,,,
Somalia,2014,,0.261,,,,
Somalia,2015,,,,,,
Somalia,2016,,,,,,
Somalia,2017,,,,,,
Somalia,2018,,,,,,
Somalia,2019,,,,,,
Somalia,2020,,,,,,
Somalia,2021,,,,,,
Somalia,2022,,,,,,
Somalia,2023,,,,,,
Somalia,2024,0.065,0.316,,,,
South Sudan,2000,,,47.591,,,
South Sudan,2001,,,48.55,,,
South Sudan,2002,,,49.394,,,
South Sudan,2003,,,52.324,,,
South Sudan,2004,,,53.052,,,
South Sudan,2005,,,53.965,,,
South Sudan,2006,,,54.653,,,
South Sudan,2007,,,55.425,,,
South Sudan,2008,,,56.28,1654.21153546555,,
South Sudan,2009,,,56.848,1323.22068747862,,
South Sudan,2010,,,57.485,1498.27034985194,,
South Sudan,2011,,,57.674,1448.98435006408,,1560.0
South Sudan,2012,,,58.241,1109.26050083408,,1360.0
South Sudan,2013,,,58.285,1650.18943353528,,1810.0
South Sudan,2014,,,45.625,1242.73450181032,,1180.0
South Sudan,2015,,,39.757,1080.14718624765,,1010.0
South Sudan,2016,,,36.72,,,
South Sudan,2017,,,35.351,,28.05690956,
South Sudan,2018,,0.368,51.905,,31.12328529,
South Sudan,2019,,0.585,58.129,,35.18021774,
South Sudan,2020,,0.706,57.648,,47.40253067,
South Sudan,2021,,,,,34.78803635,
South Sudan,2022,,0.6910000000000001,,,48.03352737,
South Sudan,2023,,,,,72.75582886,
South Sudan,2024,0.149,0.706,,,,
Sudan,2000,,,58.946,362.116882324219,13.99440289,2480.0
Sudan,2001,,,59.264,451.293304443359,15.18372345,2670.0
Sudan,2002,,,59.308,506.262634277344,16.70709991,2770.0
Sudan,2003,,,58.319,580.320251464844,22.58504868,2930.0
Sudan,2004,,1.0310000000000001,56.773,705.113342285156,29.30404472,3080.0
Sudan,2005,,,57.226,905.543640136719,37.07490158,3280.0
Sudan,2006,,1.043,60.4,1132.474609375,55.32660294,3480.0
Sudan,2007,,0.992,61.442,1444.37219238281,81.79016876,3690.0
Sudan,2008,,0.9650000000000001,61.261,1527.58239746094,82.84276581,3750.0
Sudan,2009,,,62.676,1178.22180175781,80.00441742,3620.0
Sudan,2010,,,62.979,1305.63598632813,73.60398865,3540.0
Sudan,2011,,,63.181,1332.6572265625,80.37197876,3830.0
Sudan,2012,,,63.427,1019.22210693359,75.40776825,3510.0
Sudan,2013,,,63.443,1138.62780761719,97.4931488,3480.0
Sudan,2014,,1.173,63.99,1275.43835449219,88.78498077,4180.0
Sudan,2015,,0.8009999999999999,64.375,1292.37963867188,93.69657135,4120.0
Sudan,2016,,,64.677,1033.21594238281,89.39633942,4380.0
Sudan,2017,0.25,,65.146,966.505676269531,67.75476837,4080.0
Sudan,2018,,1.083,65.501,731.027465820313,33.88366699,3960.0
Sudan,2019,,,65.803,709.975280761719,31.79406929,3720.0
Sudan,2020,,,65.124,577.795227050781,22.91861534,3170.0
Sudan,2021,,,,712.122009277344,21.69141006,3120.0
Sudan,2022,,,,1046.24084472656,25.75139618,3290.0
Sudan,2023,,,,797.283447265625,21.0830822,2430.0
Sudan,2024,,,,984.607666015625,,2050.0
Syrian Arab Republic,2000,1.347,1.9280000000000002,70.856,1138.1884854278,53.69049835,
Syrian Arab Republic,2001,,1.935,71.296,1186.82913474027,57.71026993,
Syrian Arab Republic,2002,,1.918,71.742,1183.2473451033,62.74715805,
Syrian Arab Republic,2003,,1.802,72.188,1220.179077256,59.87030792,
Syrian Arab Republic,2004,,1.86,72.494,1368.1148230028,60.20412827,
Syrian Arab Republic,2005,,1.839,72.797,1533.90166536568,62.29284668,
Syrian Arab Republic,2006,,1.7899999999999998,73.04,1718.78347217338,64.00552368,
Syrian Arab Republic,2007,,1.734,73.256,1937.61138578027,72.10467529,
Syrian Arab Republic,2008,,1.689,73.368,2429.12477087189,82.92500305,
Syrian Arab Republic,2009,,1.778,73.496,2462.20193643202,88.00678253,
Syrian Arab Republic,2010,,1.782,73.542,2730.61477118949,91.5537796,
Syrian Arab Republic,2011,,1.764,72.259,2952.14349372257,78.28834534,
Syrian Arab Republic,2012,,1.809,66.206,1897.66115018696,66.27796173,
Syrian Arab Republic,2013,,2.089,65.146,985.892669227054,47.07229233,
Syrian Arab Republic,2014,,2.2199999999999998,65.492,1060.59105886854,48.91549683,
Syrian Arab Republic,2015,,2.368,63.265,847.731631942565,38.17871475,
Syrian Arab Republic,2016,,1.813,65.19,656.3490586313,27.40652657,
Syrian Arab Republic,2017,,1.827,65.651,851.502005254153,35.57104874,3150.0
Syrian Arab Republic,2018,,1.7890000000000001,67.371,1098.0668642357,46.24067307,3330.0
Syrian Arab Republic,2019,,1.7760000000000002,70.97,1109.53926036049,55.2208252,3370.0
Syrian Arab Republic,2020,,1.719,71.944,572.355289831901,37.03173065,3580.0
Syrian Arab Republic,2021,,1.7570000000000001,,663.614245706815,53.4726181,4430.0
Syrian Arab Republic,2022,1.627,1.435,,1051.67149587463,53.26486588,4610.0
Syrian Arab Republic,2023,,,,,33.34017944,
Syrian Arab Republic,2024,,,,,,
São Tomé and Príncipe,2000,,,61.207,529.089383412262,49.63587952,1680.0
São Tomé and Príncipe,2001,,,61.5,518.88050130005,47.14751816,1820.0
São Tomé and Príncipe,2002,,,61.826,568.10257252271,50.61143494,1870.0
São Tomé and Príncipe,2003,,,62.158,663.696211810494,71.20994568,2040.0
São Tomé and Príncipe,2004,,1.953,62.56,726.560882130444,71.05591583,2110.0
São Tomé and Príncipe,2005,,,62.434,844.169181884274,80.13071442,2280.0
São Tomé and Príncipe,2006,,,63.041,861.970707697664,57.2040329,2600.0
São Tomé and Príncipe,2007,,,63.336,878.885791918745,59.71631241,2730.0
São Tomé and Príncipe,2008,,,63.448,1081.8684584729,64.58831787,2800.0
São Tomé and Príncipe,2009,,,63.669,1128.28046213305,64.90551758,2840.0
São Tomé and Príncipe,2010,,,63.867,1045.20958234528,60.94829941,2850.0
São Tomé and Príncipe,2011,,,64.122,1219.80189089671,69.45979309,2910.0
São Tomé and Príncipe,2012,,,64.505,1192.0202911189,86.29039001,2640.0
São Tomé and Príncipe,2013,,,64.93,1382.5757842916,124.59179688,2980.0
São Tomé and Príncipe,2014,,,65.478,1489.67633417608,118.70980835,3320.0
São Tomé and Príncipe,2015,,2.207,66.023,1298.10946596396,85.37828827,3210.0
São Tomé and Príncipe,2016,,,66.563,1434.87018050521,109.73142242,3350.0
São Tomé and Príncipe,2017,,,67.074,1555.79477812888,117.07767487,3430.0
São Tomé and Príncipe,2018,,1.932,67.602,1825.59971753966,108.87628937,3960.0
São Tomé and Príncipe,2019,,2.165,68.043,1935.2931816596,106.86884308,4650.0
São Tomé and Príncipe,2020,,,67.979,2167.22001796925,159.84396362,5200.0
São Tomé and Príncipe,2021,,,,2362.58827248102,187.06524658,5760.0
São Tomé and Príncipe,2022,0.46399999999999997,2.165,,2389.73729784737,139.02836609,6150.0
São Tomé and Príncipe,2023,,,,2990.6606143535,171.05166626,6210.0
São Tomé and Príncipe,2024,,,,3490.56883486557,,6240.0
Timor-Leste,2000,,,58.097,492.457637913906,,2080.0
Timor-Leste,2001,,,58.772,587.700634429079,,2150.0
Timor-Leste,2002,,,59.477,533.982465942154,,2290.0
Timor-Leste,2003,,,60.13,534.901171348385,15.18759537,1830.0
Timor-Leste,2004,,1.932,60.743,474.420726695663,20.22569466,2130.0
Timor-Leste,2005,,,61.272,487.464506929223,25.72540092,2620.0
Timor-Leste,2006,,,61.881,464.667016791076,27.90169907,3950.0
Timor-Leste,2007,,1.052,62.396,540.154630518785,30.51906586,5500.0
Timor-Leste,2008,,1.068,62.858,628.153191495026,43.71953964,8430.0
Timor-Leste,2009,,1.149,63.265,686.579329690731,50.18856049,6280.0
Timor-Leste,2010,,1.157,63.66,813.060220670369,52.6151619,7370.0
Timor-Leste,2011,,1.1560000000000001,64.022,939.045238884406,64.43626404,9080.0
Timor-Leste,2012,,,64.384,1022.61906675901,71.46888733,8880.0
Timor-Leste,2013,,0.908,64.719,1204.56843320518,102.79840851,7630.0
Timor-Leste,2014,,1.394,65.027,1224.74956308733,93.10574341,6590.0
Timor-Leste,2015,,1.471,65.326,1319.59295003154,101.4779892,5450.0
Timor-Leste,2016,,,65.61,1335.54391073349,92.69400787,4590.0
Timor-Leste,2017,,1.73,65.898,1266.17771143471,86.16269684,4930.0
Timor-Leste,2018,,1.658,66.204,1219.46599728983,78.07413483,5120.0
Timor-Leste,2019,,1.7449999999999999,66.496,1562.36458068032,78.01346588,6430.0
Timor-Leste,2020,,1.738,66.919,1630.86938521256,118.49451447,6720.0
Timor-Leste,2021,,,,2684.92676774277,132.07870483,6520.0
Timor-Leste,2022,,,,2343.24954740187,174.91529846,5460.0
Timor-Leste,2023,0.768,1.517,,1502.41147438211,144.21452332,5300.0
Timor-Leste,2024,,,,1331.9705130185,,5040.0
Tuvalu,2000,,,63.536,1579.41906275542,351.92758179,4030.0
Tuvalu,2001,,,63.709,1456.78409421177,261.71032715,4780.0
Tuvalu,2002,,4.063000000000001,63.825,1750.25175052348,207.1824646,6010.0
Tuvalu,2003,,5.154999999999999,63.897,2006.84249941442,274.99337769,4180.0
Tuvalu,2004,,,63.989,2322.56265072892,216.72221375,4590.0
Tuvalu,2005,,,64.096,2304.82694329052,232.03250122,4580.0
Tuvalu,2006,,,64.247,2396.26844307702,291.76730347,4510.0
Tuvalu,2007,,,64.402,2794.16310084119,292.23049927,5290.0
Tuvalu,2008,,6.214,64.516,3088.30877413836,319.3182373,5250.0
Tuvalu,2009,,,64.693,2683.96749549583,349.2015686,5310.0
Tuvalu,2010,,,64.834,3024.8170790571,490.41107178,4700.0
Tuvalu,2011,,,64.96,3636.08139989792,536.10473633,4720.0
Tuvalu,2012,,,65.079,3598.46163091053,499.21899414,4120.0
Tuvalu,2013,,,65.171,3510.21640142483,484.58966064,5020.0
Tuvalu,2014,,3.7270000000000003,65.278,3528.85858102782,512.64215088,4510.0
Tuvalu,2015,,,65.365,3357.83417700071,451.35287476,5840.0
Tuvalu,2016,,,65.51,3808.69755015909,697.99798584,5860.0
Tuvalu,2017,,,65.683,4165.66338700106,1017.49633789,5860.0
Tuvalu,2018,,4.537,65.871,4466.12034928245,819.41162109,6420.0
Tuvalu,2019,,,66.109,5115.13075950206,1138.82617188,6950.0
Tuvalu,2020,,3.942,66.357,4976.11254109571,899.59460449,6970.0
Tuvalu,2021,,,,5905.08198095343,1122.39929199,7220.0
Tuvalu,2022,,,,5911.32727055301,1300.46679688,7630.0
Tuvalu,2023,,,,6344.7750188689,1723.56542969,8320.0
Tuvalu,2024,1.7710000000000001,4.167,,,,
Ukraine,2000,2.9859999999999998,6.5,67.786,653.294311523438,34.62232971,3960.0
Ukraine,2001,,6.479000000000001,67.675,800.49072265625,44.14328766,4510.0
Ukraine,2002,,6.465000000000001,67.699,903.011901855469,52.11910248,4870.0
Ukraine,2003,,6.4799999999999995,67.638,1076.48156738281,67.87039948,5490.0
Ukraine,2004,,6.4959999999999996,67.472,1401.01806640625,83.23918915,6370.0
Ukraine,2005,,6.544,67.517,1875.33508300781,114.63265228,6820.0
Ukraine,2006,,6.556,67.49,2366.494140625,146.27377319,7550.0
Ukraine,2007,,6.548,67.715,3160.32763671875,183.18217468,8500.0
Ukraine,2008,,6.515000000000001,68.262,4017.806640625,212.75292969,8840.0
Ukraine,2009,,7.438,69.159,2607.08764648438,165.98542786,7550.0
Ukraine,2010,,7.365,70.188,3039.63232421875,199.49559021,8140.0
Ukraine,2011,,7.359999999999999,70.711,3656.69799804688,240.17747498,8680.0
Ukraine,2012,,7.390000000000001,71.09,3951.34228515625,270.76205444,9450.0
Ukraine,2013,,7.4319999999999995,71.474,4129.89697265625,275.94143677,10740.0
Ukraine,2014,,6.536,71.803,3054.908203125,208.94400024,10370.0
Ukraine,2015,,,72.686,2094.47387695313,154.75454712,10340.0
Ukraine,2016,,,73.389,2158.46118164063,154.5546875,10980.0
Ukraine,2017,,,73.993,2604.28759765625,183.69506836,11700.0
Ukraine,2018,,,73.569,3059.0517578125,217.73760986,12680.0
Ukraine,2019,,,73.92,3619.86157226563,242.81388855,14390.0
Ukraine,2020,,,73.283,3709.76928710938,265.07846069,15880.0
Ukraine,2021,,,,4775.94580078125,369.90487671,17330.0
Ukraine,2022,,,,4199.6708984375,,15540.0
Ukraine,2023,3.531,6.079,,5139.59814453125,,18160.0
Ukraine,2024,,,,5389.47314453125,,18560.0
"Venezuela, RB",2000,,,72.388,4776.2816763938,,14040.0
"Venezuela, RB",2001,,1.121,71.019,4920.39313600453,,14520.0
"Venezuela, RB",2002,,,72.823,3652.09896501865,,13050.0
"Venezuela, RB",2003,,,72.056,3229.50557082079,,12100.0
"Venezuela, RB",2004,,,72.752,4269.08970872392,,14380.0
"Venezuela, RB",2005,,,73.075,5432.4854184654,,16310.0
"Venezuela, RB",2006,,,72.972,6739.38065342218,,18320.0
"Venezuela, RB",2007,,,73.348,8331.62096991844,,20410.0
"Venezuela, RB",2008,,,72.578,11262.4514256759,,21440.0
"Venezuela, RB",2009,,,72.785,11596.6021921731,,20430.0
"Venezuela, RB",2010,,,73.092,13646.3046622664,,20030.0
"Venezuela, RB",2011,,,73.09,10843.9229703167,,20800.0
"Venezuela, RB",2012,,,73.086,12607.2361246243,,
"Venezuela, RB",2013,,,73.076,8656.35669723668,,
"Venezuela, RB",2014,,,72.837,7096.22047105512,,
"Venezuela, RB",2015,,,73.004,4103.1384987005,,
"Venezuela, RB",2016,,,72.002,3670.15737848208,,
"Venezuela, RB",2017,1.6640000000000001,1.934,71.903,3791.33160682077,,
"Venezuela, RB",2018,,2.003,72.641,3422.65467014854,164.68154907,
"Venezuela, RB",2019,,,72.766,2523.11275230667,112.72974396,
"Venezuela, RB",2020,,,72.369,1506.0436210041,153.21711731,
"Venezuela, RB",2021,,,,2004.93397949792,162.43952942,
"Venezuela, RB",2022,,,,3155.04207099687,208.66654968,
"Venezuela, RB",2023,,,,3617.43594578269,185.99124146,
"Venezuela, RB",2024,,,,4217.59102643391,,
West Bank and Gaza (territory),2000,,,70.298,1476.17185000238,129.54533386,3090.0
West Bank and Gaza (territory),2001,,,69.75,1335.55319529359,127.37930298,2710.0
West Bank and Gaza (territory),2002,,,70.88,1156.21747345769,118.22906494,2310.0
West Bank and Gaza (territory),2003,,,70.967,1257.69857009689,111.62216187,2610.0
West Bank and Gaza (territory),2004,,,71.094,1422.19088643544,150.72610474,3160.0
West Bank and Gaza (territory),2005,,,72.004,1543.70141392774,158.43028259,3590.0
West Bank and Gaza (territory),2006,,,71.831,1570.10439962728,154.09745789,3610.0
West Bank and Gaza (territory),2007,,,72.064,1664.24571669276,149.22294617,3800.0
West Bank and Gaza (territory),2008,,,72.204,2035.20234121766,200.96418762,4040.0
West Bank and Gaza (territory),2009,,,72.306,2191.78178736868,221.97026062,4200.0
West Bank and Gaza (territory),2010,,,73.302,2557.07562356699,219.44699097,4360.0
West Bank and Gaza (territory),2011,,,73.557,2880.79843707909,308.36453247,4780.0
West Bank and Gaza (territory),2012,,,73.722,3067.43872735614,298.34082031,5560.0
West Bank and Gaza (territory),2013,,,74.14,3315.29753909282,327.25717163,5720.0
West Bank and Gaza (territory),2014,,,72.781,3352.11259506043,314.27474976,5950.0
West Bank and Gaza (territory),2015,,,74.577,3272.15432360708,286.91394043,6480.0
West Bank and Gaza (territory),2016,,,74.917,3527.61382413178,299.4125061,6810.0
West Bank and Gaza (territory),2017,,,75.216,3620.36048715937,310.2114563,6910.0
West Bank and Gaza (territory),2018,,,75.38,3562.33094270256,324.02166748,7280.0
West Bank and Gaza (territory),2019,,,75.811,3656.85827137011,317.45007324,7520.0
West Bank and Gaza (territory),2020,,,74.998,3233.56863835858,314.82254028,6910.0
West Bank and Gaza (territory),2021,,,,3678.63565662194,364.4173584,6800.0
West Bank and Gaza (territory),2022,,,,3799.95527015163,350.63812256,7620.0
West Bank and Gaza (territory),2023,,,,3455.02852911712,345.67965698,7180.0
West Bank and Gaza (territory),2024,,,,2592.30591217647,,4660.0
"Yemen, Republic of",2000,,,62.761,493.235182634814,22.91244888,2410.0
"Yemen, Republic of",2001,,,63.286,487.141257946318,24.09247589,2510.0
"Yemen, Republic of",2002,,,63.807,513.241486570603,24.80142403,2560.0
"Yemen, Republic of",2003,,,64.407,548.905883049973,31.60428619,2600.0
"Yemen, Republic of",2004,,0.603,64.881,627.632023395762,34.62483978,2660.0
"Yemen, Republic of",2005,,,65.356,734.159908450927,38.27000809,2810.0
"Yemen, Republic of",2006,,,65.8,809.713127624703,44.81512451,3000.0
"Yemen, Republic of",2007,,,66.23,890.305768114988,51.83703613,3090.0
"Yemen, Republic of",2008,,,66.609,1071.63583282105,61.74676514,3130.0
"Yemen, Republic of",2009,,,66.905,969.243509864478,58.02085114,3250.0
"Yemen, Republic of",2010,,0.62,67.223,1155.20305261418,59.60072327,3390.0
"Yemen, Republic of",2011,,,67.412,1186.47500581215,56.58930588,2890.0
"Yemen, Republic of",2012,,,67.569,1245.05068272078,64.67756653,2870.0
"Yemen, Republic of",2013,,0.742,67.961,1378.75002954928,68.39746857,3020.0
"Yemen, Republic of",2014,,0.751,68.003,1430.16420964026,83.48936462,
"Yemen, Republic of",2015,,0.616,66.761,1362.1738120601,88.40743256,
"Yemen, Republic of",2016,,0.633,67.105,975.359417003225,75.22454071,
"Yemen, Republic of",2017,,0.646,67.12,811.165970405745,87.29970551,
"Yemen, Republic of",2018,,0.657,65.915,633.887202451545,143.68727112,
"Yemen, Republic of",2019,,,66.567,,80.94759369,
"Yemen, Republic of",2020,,0.491,66.435,,65.17704773,
"Yemen, Republic of",2021,,0.611,,,49.30105209,
"Yemen, Republic of",2022,0.16499999999999998,0.687,,,54.29036331,
"Yemen, Republic of",2023,,0.541,,,47.78109741,
"Yemen, Republic of",2024,,,,,,
Zimbabwe,2000,0.126,,46.034,562.833757496076,,2930.0
Zimbabwe,2001,,,44.525,566.388746448872,,3070.0
Zimbabwe,2002,,,45.938,524.936478570323,,2860.0
Zimbabwe,2003,,,45.373,468.471932927213,,2430.0
Zimbabwe,2004,,,46.043,469.719298949304,,2250.0
Zimbabwe,2005,,,46.57,461.271387547912,,2170.0
Zimbabwe,2006,,,47.056,431.034994414964,,2070.0
Zimbabwe,2007,,,47.576,413.521244592925,,1950.0
Zimbabwe,2008,,,48.456,340.917447588572,,1440.0
Zimbabwe,2009,,0.905,49.75,735.821693871697,,2170.0
Zimbabwe,2010,,0.788,51.925,902.010759067388,94.44809723,2570.0
Zimbabwe,2011,,1.252,53.911,1037.77565157218,83.82868195,2920.0
Zimbabwe,2012,,1.124,55.386,1239.22709745709,85.69155121,3360.0
Zimbabwe,2013,,1.3359999999999999,56.842,1362.99498323368,96.86148834,3660.0
Zimbabwe,2014,,1.47,58.106,1372.91526173161,111.61201477,3780.0
Zimbabwe,2015,,1.326,58.989,1387.12632595026,103.31652832,3970.0
Zimbabwe,2016,,1.345,59.76,1408.13945253431,102.15909576,4030.0
Zimbabwe,2017,,2.496,60.263,3445.44941020134,91.87199402,10480.0
Zimbabwe,2018,,1.8539999999999999,60.906,2270.89531874302,114.76815033,3940.0
Zimbabwe,2019,,,61.06,2184.32923855469,55.10725403,4120.0
Zimbabwe,2020,,,61.53,2059.67445384499,51.14250565,4120.0
Zimbabwe,2021,,,,2613.60542083552,60.89874268,4750.0
Zimbabwe,2022,,,,2536.40050223076,68.90727997,5310.0
Zimbabwe,2023,,,,2195.22492079245,62.92946243,5730.0
Zimbabwe,2024,0.186,1.465,,2497.20332208763,,5870.0
